t,red_count,red_fraction,iou,recall,precision,sample_id
0.0,0,0.0,0.0,0.0,0.0,0
0.02,0,0.0,0.0,0.0,0.0,0
0.04,0,0.0,0.0,0.0,0.0,0
0.06,0,0.0,0.0,0.0,0.0,0
0.08,0,0.0,0.0,0.0,0.0,0
0.1,0,0.0,0.0,0.0,0.0,0
0.12000000000000001,0,0.0,0.0,0.0,0.0,0
0.14,0,0.0,0.0,0.0,0.0,0
0.16,0,0.0,0.0,0.0,0.0,0
0.18,0,0.0,0.0,0.0,0.0,0
0.19999999999999998,0,0.0,0.0,0.0,0.0,0
0.21999999999999997,0,0.0,0.0,0.0,0.0,0
0.23999999999999996,0,0.0,0.0,0.0,0.0,0
0.25999999999999995,0,0.0,0.0,0.0,0.0,0
0.27999999999999997,0,0.0,0.0,0.0,0.0,0
0.3,0,0.0,0.0,0.0,0.0,0
0.32,0,0.0,0.0,0.0,0.0,0
0.34,0,0.0,0.0,0.0,0.0,0
0.36000000000000004,0,0.0,0.0,0.0,0.0,0
0.38000000000000006,0,0.0,0.0,0.0,0.0,0
0.4000000000000001,0,0.0,0.0,0.0,0.0,0
0.4200000000000001,0,0.0,0.0,0.0,0.0,0
0.4400000000000001,0,0.0,0.0,0.0,0.0,0
0.46000000000000013,0,0.0,0.0,0.0,0.0,0
0.48000000000000015,0,0.0,0.0,0.0,0.0,0
0.5000000000000001,0,0.0,0.0,0.0,0.0,0
0.5200000000000001,0,0.0,0.0,0.0,0.0,0
0.5400000000000001,0,0.0,0.0,0.0,0.0,0
0.5600000000000002,0,0.0,0.0,0.0,0.0,0
0.5800000000000002,0,0.0,0.0,0.0,0.0,0
0.6000000000000002,0,0.0,0.0,0.0,0.0,0
0.6200000000000002,0,0.0,0.0,0.0,0.0,0
0.6400000000000002,0,0.0,0.0,0.0,0.0,0
0.6600000000000003,0,0.0,0.0,0.0,0.0,0
0.6800000000000003,0,0.0,0.0,0.0,0.0,0
0.7000000000000003,197,0.048095703125,0.18445692883895132,0.18445692883895132,1.0,0
0.7200000000000003,1068,0.2607421875,1.0,1.0,1.0,0
0.7400000000000003,1068,0.2607421875,1.0,1.0,1.0,0
0.7600000000000003,1068,0.2607421875,1.0,1.0,1.0,0
0.7800000000000004,1068,0.2607421875,1.0,1.0,1.0,0
0.8000000000000004,1068,0.2607421875,1.0,1.0,1.0,0
0.8200000000000004,1068,0.2607421875,1.0,1.0,1.0,0
0.8400000000000004,1068,0.2607421875,1.0,1.0,1.0,0
0.8600000000000004,1068,0.2607421875,1.0,1.0,1.0,0
0.8800000000000004,1068,0.2607421875,1.0,1.0,1.0,0
0.9000000000000005,1068,0.2607421875,1.0,1.0,1.0,0
0.9200000000000005,1068,0.2607421875,1.0,1.0,1.0,0
0.9400000000000005,1068,0.2607421875,1.0,1.0,1.0,0
0.9600000000000005,1068,0.2607421875,1.0,1.0,1.0,0
0.9800000000000005,1068,0.2607421875,1.0,1.0,1.0,0
1.0000000000000004,1068,0.2607421875,1.0,1.0,1.0,0
0.0,0,0.0,0.0,0.0,0.0,1
0.02,0,0.0,0.0,0.0,0.0,1
0.04,0,0.0,0.0,0.0,0.0,1
0.06,0,0.0,0.0,0.0,0.0,1
0.08,0,0.0,0.0,0.0,0.0,1
0.1,0,0.0,0.0,0.0,0.0,1
0.12000000000000001,0,0.0,0.0,0.0,0.0,1
0.14,0,0.0,0.0,0.0,0.0,1
0.16,0,0.0,0.0,0.0,0.0,1
0.18,0,0.0,0.0,0.0,0.0,1
0.19999999999999998,0,0.0,0.0,0.0,0.0,1
0.21999999999999997,0,0.0,0.0,0.0,0.0,1
0.23999999999999996,0,0.0,0.0,0.0,0.0,1
0.25999999999999995,0,0.0,0.0,0.0,0.0,1
0.27999999999999997,0,0.0,0.0,0.0,0.0,1
0.3,0,0.0,0.0,0.0,0.0,1
0.32,0,0.0,0.0,0.0,0.0,1
0.34,0,0.0,0.0,0.0,0.0,1
0.36000000000000004,0,0.0,0.0,0.0,0.0,1
0.38000000000000006,0,0.0,0.0,0.0,0.0,1
0.4000000000000001,0,0.0,0.0,0.0,0.0,1
0.4200000000000001,0,0.0,0.0,0.0,0.0,1
0.4400000000000001,0,0.0,0.0,0.0,0.0,1
0.46000000000000013,0,0.0,0.0,0.0,0.0,1
0.48000000000000015,0,0.0,0.0,0.0,0.0,1
0.5000000000000001,0,0.0,0.0,0.0,0.0,1
0.5200000000000001,0,0.0,0.0,0.0,0.0,1
0.5400000000000001,0,0.0,0.0,0.0,0.0,1
0.5600000000000002,0,0.0,0.0,0.0,0.0,1
0.5800000000000002,0,0.0,0.0,0.0,0.0,1
0.6000000000000002,0,0.0,0.0,0.0,0.0,1
0.6200000000000002,0,0.0,0.0,0.0,0.0,1
0.6400000000000002,0,0.0,0.0,0.0,0.0,1
0.6600000000000003,0,0.0,0.0,0.0,0.0,1
0.6800000000000003,0,0.0,0.0,0.0,0.0,1
0.7000000000000003,177,0.043212890625,0.2391891891891892,0.2391891891891892,1.0,1
0.7200000000000003,740,0.1806640625,1.0,1.0,1.0,1
0.7400000000000003,740,0.1806640625,1.0,1.0,1.0,1
0.7600000000000003,740,0.1806640625,1.0,1.0,1.0,1
0.7800000000000004,740,0.1806640625,1.0,1.0,1.0,1
0.8000000000000004,740,0.1806640625,1.0,1.0,1.0,1
0.8200000000000004,740,0.1806640625,1.0,1.0,1.0,1
0.8400000000000004,740,0.1806640625,1.0,1.0,1.0,1
0.8600000000000004,740,0.1806640625,1.0,1.0,1.0,1
0.8800000000000004,740,0.1806640625,1.0,1.0,1.0,1
0.9000000000000005,740,0.1806640625,1.0,1.0,1.0,1
0.9200000000000005,740,0.1806640625,1.0,1.0,1.0,1
0.9400000000000005,740,0.1806640625,1.0,1.0,1.0,1
0.9600000000000005,740,0.1806640625,1.0,1.0,1.0,1
0.9800000000000005,740,0.1806640625,1.0,1.0,1.0,1
1.0000000000000004,740,0.1806640625,1.0,1.0,1.0,1
0.0,0,0.0,0.0,0.0,0.0,2
0.02,0,0.0,0.0,0.0,0.0,2
0.04,0,0.0,0.0,0.0,0.0,2
0.06,0,0.0,0.0,0.0,0.0,2
0.08,0,0.0,0.0,0.0,0.0,2
0.1,0,0.0,0.0,0.0,0.0,2
0.12000000000000001,0,0.0,0.0,0.0,0.0,2
0.14,0,0.0,0.0,0.0,0.0,2
0.16,0,0.0,0.0,0.0,0.0,2
0.18,0,0.0,0.0,0.0,0.0,2
0.19999999999999998,0,0.0,0.0,0.0,0.0,2
0.21999999999999997,0,0.0,0.0,0.0,0.0,2
0.23999999999999996,0,0.0,0.0,0.0,0.0,2
0.25999999999999995,0,0.0,0.0,0.0,0.0,2
0.27999999999999997,0,0.0,0.0,0.0,0.0,2
0.3,0,0.0,0.0,0.0,0.0,2
0.32,0,0.0,0.0,0.0,0.0,2
0.34,0,0.0,0.0,0.0,0.0,2
0.36000000000000004,0,0.0,0.0,0.0,0.0,2
0.38000000000000006,0,0.0,0.0,0.0,0.0,2
0.4000000000000001,0,0.0,0.0,0.0,0.0,2
0.4200000000000001,0,0.0,0.0,0.0,0.0,2
0.4400000000000001,0,0.0,0.0,0.0,0.0,2
0.46000000000000013,0,0.0,0.0,0.0,0.0,2
0.48000000000000015,0,0.0,0.0,0.0,0.0,2
0.5000000000000001,0,0.0,0.0,0.0,0.0,2
0.5200000000000001,0,0.0,0.0,0.0,0.0,2
0.5400000000000001,0,0.0,0.0,0.0,0.0,2
0.5600000000000002,0,0.0,0.0,0.0,0.0,2
0.5800000000000002,0,0.0,0.0,0.0,0.0,2
0.6000000000000002,0,0.0,0.0,0.0,0.0,2
0.6200000000000002,0,0.0,0.0,0.0,0.0,2
0.6400000000000002,0,0.0,0.0,0.0,0.0,2
0.6600000000000003,0,0.0,0.0,0.0,0.0,2
0.6800000000000003,0,0.0,0.0,0.0,0.0,2
0.7000000000000003,182,0.04443359375,0.31762652705061084,0.31762652705061084,1.0,2
0.7200000000000003,730,0.17822265625,0.7849315068493151,1.0,0.7849315068493151,2
0.7400000000000003,740,0.1806640625,0.7743243243243243,1.0,0.7743243243243243,2
0.7600000000000003,744,0.181640625,0.7701612903225806,1.0,0.7701612903225806,2
0.7800000000000004,744,0.181640625,0.7701612903225806,1.0,0.7701612903225806,2
0.8000000000000004,744,0.181640625,0.7701612903225806,1.0,0.7701612903225806,2
0.8200000000000004,744,0.181640625,0.7701612903225806,1.0,0.7701612903225806,2
0.8400000000000004,744,0.181640625,0.7701612903225806,1.0,0.7701612903225806,2
0.8600000000000004,744,0.181640625,0.7701612903225806,1.0,0.7701612903225806,2
0.8800000000000004,744,0.181640625,0.7701612903225806,1.0,0.7701612903225806,2
0.9000000000000005,744,0.181640625,0.7701612903225806,1.0,0.7701612903225806,2
0.9200000000000005,744,0.181640625,0.7701612903225806,1.0,0.7701612903225806,2
0.9400000000000005,744,0.181640625,0.7701612903225806,1.0,0.7701612903225806,2
0.9600000000000005,744,0.181640625,0.7701612903225806,1.0,0.7701612903225806,2
0.9800000000000005,744,0.181640625,0.7701612903225806,1.0,0.7701612903225806,2
1.0000000000000004,744,0.181640625,0.7701612903225806,1.0,0.7701612903225806,2
0.0,0,0.0,0.0,0.0,0.0,3
0.02,0,0.0,0.0,0.0,0.0,3
0.04,0,0.0,0.0,0.0,0.0,3
0.06,0,0.0,0.0,0.0,0.0,3
0.08,0,0.0,0.0,0.0,0.0,3
0.1,0,0.0,0.0,0.0,0.0,3
0.12000000000000001,0,0.0,0.0,0.0,0.0,3
0.14,0,0.0,0.0,0.0,0.0,3
0.16,0,0.0,0.0,0.0,0.0,3
0.18,0,0.0,0.0,0.0,0.0,3
0.19999999999999998,0,0.0,0.0,0.0,0.0,3
0.21999999999999997,0,0.0,0.0,0.0,0.0,3
0.23999999999999996,0,0.0,0.0,0.0,0.0,3
0.25999999999999995,0,0.0,0.0,0.0,0.0,3
0.27999999999999997,0,0.0,0.0,0.0,0.0,3
0.3,0,0.0,0.0,0.0,0.0,3
0.32,0,0.0,0.0,0.0,0.0,3
0.34,0,0.0,0.0,0.0,0.0,3
0.36000000000000004,0,0.0,0.0,0.0,0.0,3
0.38000000000000006,0,0.0,0.0,0.0,0.0,3
0.4000000000000001,0,0.0,0.0,0.0,0.0,3
0.4200000000000001,0,0.0,0.0,0.0,0.0,3
0.4400000000000001,0,0.0,0.0,0.0,0.0,3
0.46000000000000013,0,0.0,0.0,0.0,0.0,3
0.48000000000000015,0,0.0,0.0,0.0,0.0,3
0.5000000000000001,0,0.0,0.0,0.0,0.0,3
0.5200000000000001,0,0.0,0.0,0.0,0.0,3
0.5400000000000001,0,0.0,0.0,0.0,0.0,3
0.5600000000000002,0,0.0,0.0,0.0,0.0,3
0.5800000000000002,0,0.0,0.0,0.0,0.0,3
0.6000000000000002,0,0.0,0.0,0.0,0.0,3
0.6200000000000002,0,0.0,0.0,0.0,0.0,3
0.6400000000000002,0,0.0,0.0,0.0,0.0,3
0.6600000000000003,0,0.0,0.0,0.0,0.0,3
0.6800000000000003,0,0.0,0.0,0.0,0.0,3
0.7000000000000003,157,0.038330078125,0.23573573573573572,0.23573573573573572,1.0,3
0.7200000000000003,666,0.16259765625,1.0,1.0,1.0,3
0.7400000000000003,666,0.16259765625,1.0,1.0,1.0,3
0.7600000000000003,666,0.16259765625,1.0,1.0,1.0,3
0.7800000000000004,666,0.16259765625,1.0,1.0,1.0,3
0.8000000000000004,666,0.16259765625,1.0,1.0,1.0,3
0.8200000000000004,666,0.16259765625,1.0,1.0,1.0,3
0.8400000000000004,666,0.16259765625,1.0,1.0,1.0,3
0.8600000000000004,666,0.16259765625,1.0,1.0,1.0,3
0.8800000000000004,666,0.16259765625,1.0,1.0,1.0,3
0.9000000000000005,666,0.16259765625,1.0,1.0,1.0,3
0.9200000000000005,666,0.16259765625,1.0,1.0,1.0,3
0.9400000000000005,666,0.16259765625,1.0,1.0,1.0,3
0.9600000000000005,666,0.16259765625,1.0,1.0,1.0,3
0.9800000000000005,666,0.16259765625,1.0,1.0,1.0,3
1.0000000000000004,666,0.16259765625,1.0,1.0,1.0,3
0.0,0,0.0,0.0,0.0,0.0,4
0.02,0,0.0,0.0,0.0,0.0,4
0.04,0,0.0,0.0,0.0,0.0,4
0.06,0,0.0,0.0,0.0,0.0,4
0.08,0,0.0,0.0,0.0,0.0,4
0.1,0,0.0,0.0,0.0,0.0,4
0.12000000000000001,0,0.0,0.0,0.0,0.0,4
0.14,0,0.0,0.0,0.0,0.0,4
0.16,0,0.0,0.0,0.0,0.0,4
0.18,0,0.0,0.0,0.0,0.0,4
0.19999999999999998,0,0.0,0.0,0.0,0.0,4
0.21999999999999997,0,0.0,0.0,0.0,0.0,4
0.23999999999999996,0,0.0,0.0,0.0,0.0,4
0.25999999999999995,0,0.0,0.0,0.0,0.0,4
0.27999999999999997,0,0.0,0.0,0.0,0.0,4
0.3,0,0.0,0.0,0.0,0.0,4
0.32,0,0.0,0.0,0.0,0.0,4
0.34,0,0.0,0.0,0.0,0.0,4
0.36000000000000004,0,0.0,0.0,0.0,0.0,4
0.38000000000000006,0,0.0,0.0,0.0,0.0,4
0.4000000000000001,0,0.0,0.0,0.0,0.0,4
0.4200000000000001,0,0.0,0.0,0.0,0.0,4
0.4400000000000001,0,0.0,0.0,0.0,0.0,4
0.46000000000000013,0,0.0,0.0,0.0,0.0,4
0.48000000000000015,0,0.0,0.0,0.0,0.0,4
0.5000000000000001,0,0.0,0.0,0.0,0.0,4
0.5200000000000001,0,0.0,0.0,0.0,0.0,4
0.5400000000000001,0,0.0,0.0,0.0,0.0,4
0.5600000000000002,0,0.0,0.0,0.0,0.0,4
0.5800000000000002,0,0.0,0.0,0.0,0.0,4
0.6000000000000002,0,0.0,0.0,0.0,0.0,4
0.6200000000000002,0,0.0,0.0,0.0,0.0,4
0.6400000000000002,0,0.0,0.0,0.0,0.0,4
0.6600000000000003,0,0.0,0.0,0.0,0.0,4
0.6800000000000003,0,0.0,0.0,0.0,0.0,4
0.7000000000000003,298,0.07275390625,0.28736740597878496,0.28736740597878496,1.0,4
0.7200000000000003,1037,0.253173828125,1.0,1.0,1.0,4
0.7400000000000003,1037,0.253173828125,1.0,1.0,1.0,4
0.7600000000000003,1037,0.253173828125,1.0,1.0,1.0,4
0.7800000000000004,1037,0.253173828125,1.0,1.0,1.0,4
0.8000000000000004,1037,0.253173828125,1.0,1.0,1.0,4
0.8200000000000004,1037,0.253173828125,1.0,1.0,1.0,4
0.8400000000000004,1037,0.253173828125,1.0,1.0,1.0,4
0.8600000000000004,1037,0.253173828125,1.0,1.0,1.0,4
0.8800000000000004,1037,0.253173828125,1.0,1.0,1.0,4
0.9000000000000005,1037,0.253173828125,1.0,1.0,1.0,4
0.9200000000000005,1037,0.253173828125,1.0,1.0,1.0,4
0.9400000000000005,1037,0.253173828125,1.0,1.0,1.0,4
0.9600000000000005,1037,0.253173828125,1.0,1.0,1.0,4
0.9800000000000005,1037,0.253173828125,1.0,1.0,1.0,4
1.0000000000000004,1037,0.253173828125,1.0,1.0,1.0,4
0.0,0,0.0,0.0,0.0,0.0,5
0.02,0,0.0,0.0,0.0,0.0,5
0.04,0,0.0,0.0,0.0,0.0,5
0.06,0,0.0,0.0,0.0,0.0,5
0.08,0,0.0,0.0,0.0,0.0,5
0.1,0,0.0,0.0,0.0,0.0,5
0.12000000000000001,0,0.0,0.0,0.0,0.0,5
0.14,0,0.0,0.0,0.0,0.0,5
0.16,0,0.0,0.0,0.0,0.0,5
0.18,0,0.0,0.0,0.0,0.0,5
0.19999999999999998,0,0.0,0.0,0.0,0.0,5
0.21999999999999997,0,0.0,0.0,0.0,0.0,5
0.23999999999999996,0,0.0,0.0,0.0,0.0,5
0.25999999999999995,0,0.0,0.0,0.0,0.0,5
0.27999999999999997,0,0.0,0.0,0.0,0.0,5
0.3,0,0.0,0.0,0.0,0.0,5
0.32,0,0.0,0.0,0.0,0.0,5
0.34,0,0.0,0.0,0.0,0.0,5
0.36000000000000004,0,0.0,0.0,0.0,0.0,5
0.38000000000000006,0,0.0,0.0,0.0,0.0,5
0.4000000000000001,0,0.0,0.0,0.0,0.0,5
0.4200000000000001,0,0.0,0.0,0.0,0.0,5
0.4400000000000001,0,0.0,0.0,0.0,0.0,5
0.46000000000000013,0,0.0,0.0,0.0,0.0,5
0.48000000000000015,0,0.0,0.0,0.0,0.0,5
0.5000000000000001,0,0.0,0.0,0.0,0.0,5
0.5200000000000001,0,0.0,0.0,0.0,0.0,5
0.5400000000000001,0,0.0,0.0,0.0,0.0,5
0.5600000000000002,0,0.0,0.0,0.0,0.0,5
0.5800000000000002,0,0.0,0.0,0.0,0.0,5
0.6000000000000002,0,0.0,0.0,0.0,0.0,5
0.6200000000000002,0,0.0,0.0,0.0,0.0,5
0.6400000000000002,0,0.0,0.0,0.0,0.0,5
0.6600000000000003,0,0.0,0.0,0.0,0.0,5
0.6800000000000003,0,0.0,0.0,0.0,0.0,5
0.7000000000000003,118,0.02880859375,0.18209876543209877,0.18209876543209877,1.0,5
0.7200000000000003,648,0.158203125,1.0,1.0,1.0,5
0.7400000000000003,648,0.158203125,1.0,1.0,1.0,5
0.7600000000000003,648,0.158203125,1.0,1.0,1.0,5
0.7800000000000004,648,0.158203125,1.0,1.0,1.0,5
0.8000000000000004,648,0.158203125,1.0,1.0,1.0,5
0.8200000000000004,648,0.158203125,1.0,1.0,1.0,5
0.8400000000000004,648,0.158203125,1.0,1.0,1.0,5
0.8600000000000004,648,0.158203125,1.0,1.0,1.0,5
0.8800000000000004,648,0.158203125,1.0,1.0,1.0,5
0.9000000000000005,648,0.158203125,1.0,1.0,1.0,5
0.9200000000000005,648,0.158203125,1.0,1.0,1.0,5
0.9400000000000005,648,0.158203125,1.0,1.0,1.0,5
0.9600000000000005,648,0.158203125,1.0,1.0,1.0,5
0.9800000000000005,648,0.158203125,1.0,1.0,1.0,5
1.0000000000000004,648,0.158203125,1.0,1.0,1.0,5
0.0,0,0.0,0.0,0.0,0.0,6
0.02,0,0.0,0.0,0.0,0.0,6
0.04,0,0.0,0.0,0.0,0.0,6
0.06,0,0.0,0.0,0.0,0.0,6
0.08,0,0.0,0.0,0.0,0.0,6
0.1,0,0.0,0.0,0.0,0.0,6
0.12000000000000001,0,0.0,0.0,0.0,0.0,6
0.14,0,0.0,0.0,0.0,0.0,6
0.16,0,0.0,0.0,0.0,0.0,6
0.18,0,0.0,0.0,0.0,0.0,6
0.19999999999999998,0,0.0,0.0,0.0,0.0,6
0.21999999999999997,0,0.0,0.0,0.0,0.0,6
0.23999999999999996,0,0.0,0.0,0.0,0.0,6
0.25999999999999995,0,0.0,0.0,0.0,0.0,6
0.27999999999999997,0,0.0,0.0,0.0,0.0,6
0.3,0,0.0,0.0,0.0,0.0,6
0.32,0,0.0,0.0,0.0,0.0,6
0.34,0,0.0,0.0,0.0,0.0,6
0.36000000000000004,0,0.0,0.0,0.0,0.0,6
0.38000000000000006,0,0.0,0.0,0.0,0.0,6
0.4000000000000001,0,0.0,0.0,0.0,0.0,6
0.4200000000000001,0,0.0,0.0,0.0,0.0,6
0.4400000000000001,0,0.0,0.0,0.0,0.0,6
0.46000000000000013,0,0.0,0.0,0.0,0.0,6
0.48000000000000015,0,0.0,0.0,0.0,0.0,6
0.5000000000000001,0,0.0,0.0,0.0,0.0,6
0.5200000000000001,0,0.0,0.0,0.0,0.0,6
0.5400000000000001,0,0.0,0.0,0.0,0.0,6
0.5600000000000002,0,0.0,0.0,0.0,0.0,6
0.5800000000000002,0,0.0,0.0,0.0,0.0,6
0.6000000000000002,0,0.0,0.0,0.0,0.0,6
0.6200000000000002,0,0.0,0.0,0.0,0.0,6
0.6400000000000002,0,0.0,0.0,0.0,0.0,6
0.6600000000000003,0,0.0,0.0,0.0,0.0,6
0.6800000000000003,0,0.0,0.0,0.0,0.0,6
0.7000000000000003,93,0.022705078125,0.15843270868824533,0.15843270868824533,1.0,6
0.7200000000000003,587,0.143310546875,1.0,1.0,1.0,6
0.7400000000000003,587,0.143310546875,1.0,1.0,1.0,6
0.7600000000000003,587,0.143310546875,1.0,1.0,1.0,6
0.7800000000000004,587,0.143310546875,1.0,1.0,1.0,6
0.8000000000000004,587,0.143310546875,1.0,1.0,1.0,6
0.8200000000000004,587,0.143310546875,1.0,1.0,1.0,6
0.8400000000000004,587,0.143310546875,1.0,1.0,1.0,6
0.8600000000000004,587,0.143310546875,1.0,1.0,1.0,6
0.8800000000000004,587,0.143310546875,1.0,1.0,1.0,6
0.9000000000000005,587,0.143310546875,1.0,1.0,1.0,6
0.9200000000000005,587,0.143310546875,1.0,1.0,1.0,6
0.9400000000000005,587,0.143310546875,1.0,1.0,1.0,6
0.9600000000000005,587,0.143310546875,1.0,1.0,1.0,6
0.9800000000000005,587,0.143310546875,1.0,1.0,1.0,6
1.0000000000000004,587,0.143310546875,1.0,1.0,1.0,6
0.0,0,0.0,0.0,0.0,0.0,7
0.02,0,0.0,0.0,0.0,0.0,7
0.04,0,0.0,0.0,0.0,0.0,7
0.06,0,0.0,0.0,0.0,0.0,7
0.08,0,0.0,0.0,0.0,0.0,7
0.1,0,0.0,0.0,0.0,0.0,7
0.12000000000000001,0,0.0,0.0,0.0,0.0,7
0.14,0,0.0,0.0,0.0,0.0,7
0.16,0,0.0,0.0,0.0,0.0,7
0.18,0,0.0,0.0,0.0,0.0,7
0.19999999999999998,0,0.0,0.0,0.0,0.0,7
0.21999999999999997,0,0.0,0.0,0.0,0.0,7
0.23999999999999996,0,0.0,0.0,0.0,0.0,7
0.25999999999999995,0,0.0,0.0,0.0,0.0,7
0.27999999999999997,0,0.0,0.0,0.0,0.0,7
0.3,0,0.0,0.0,0.0,0.0,7
0.32,0,0.0,0.0,0.0,0.0,7
0.34,0,0.0,0.0,0.0,0.0,7
0.36000000000000004,0,0.0,0.0,0.0,0.0,7
0.38000000000000006,0,0.0,0.0,0.0,0.0,7
0.4000000000000001,0,0.0,0.0,0.0,0.0,7
0.4200000000000001,0,0.0,0.0,0.0,0.0,7
0.4400000000000001,0,0.0,0.0,0.0,0.0,7
0.46000000000000013,0,0.0,0.0,0.0,0.0,7
0.48000000000000015,0,0.0,0.0,0.0,0.0,7
0.5000000000000001,0,0.0,0.0,0.0,0.0,7
0.5200000000000001,0,0.0,0.0,0.0,0.0,7
0.5400000000000001,0,0.0,0.0,0.0,0.0,7
0.5600000000000002,0,0.0,0.0,0.0,0.0,7
0.5800000000000002,0,0.0,0.0,0.0,0.0,7
0.6000000000000002,0,0.0,0.0,0.0,0.0,7
0.6200000000000002,0,0.0,0.0,0.0,0.0,7
0.6400000000000002,0,0.0,0.0,0.0,0.0,7
0.6600000000000003,0,0.0,0.0,0.0,0.0,7
0.6800000000000003,0,0.0,0.0,0.0,0.0,7
0.7000000000000003,276,0.0673828125,0.25191675794085433,0.26528258362168394,0.8333333333333334,7
0.7200000000000003,1137,0.277587890625,0.762532981530343,1.0,0.762532981530343,7
0.7400000000000003,1139,0.278076171875,0.7611940298507462,1.0,0.7611940298507462,7
0.7600000000000003,1140,0.2783203125,0.7605263157894737,1.0,0.7605263157894737,7
0.7800000000000004,1140,0.2783203125,0.7605263157894737,1.0,0.7605263157894737,7
0.8000000000000004,1140,0.2783203125,0.7605263157894737,1.0,0.7605263157894737,7
0.8200000000000004,1140,0.2783203125,0.7605263157894737,1.0,0.7605263157894737,7
0.8400000000000004,1140,0.2783203125,0.7605263157894737,1.0,0.7605263157894737,7
0.8600000000000004,1142,0.27880859375,0.7591943957968477,1.0,0.7591943957968477,7
0.8800000000000004,1143,0.279052734375,0.7585301837270341,1.0,0.7585301837270341,7
0.9000000000000005,1143,0.279052734375,0.7585301837270341,1.0,0.7585301837270341,7
0.9200000000000005,1143,0.279052734375,0.7585301837270341,1.0,0.7585301837270341,7
0.9400000000000005,1143,0.279052734375,0.7585301837270341,1.0,0.7585301837270341,7
0.9600000000000005,1143,0.279052734375,0.7585301837270341,1.0,0.7585301837270341,7
0.9800000000000005,1143,0.279052734375,0.7585301837270341,1.0,0.7585301837270341,7
1.0000000000000004,1143,0.279052734375,0.7585301837270341,1.0,0.7585301837270341,7
0.0,0,0.0,0.0,0.0,0.0,8
0.02,0,0.0,0.0,0.0,0.0,8
0.04,0,0.0,0.0,0.0,0.0,8
0.06,0,0.0,0.0,0.0,0.0,8
0.08,0,0.0,0.0,0.0,0.0,8
0.1,0,0.0,0.0,0.0,0.0,8
0.12000000000000001,0,0.0,0.0,0.0,0.0,8
0.14,0,0.0,0.0,0.0,0.0,8
0.16,0,0.0,0.0,0.0,0.0,8
0.18,0,0.0,0.0,0.0,0.0,8
0.19999999999999998,0,0.0,0.0,0.0,0.0,8
0.21999999999999997,0,0.0,0.0,0.0,0.0,8
0.23999999999999996,0,0.0,0.0,0.0,0.0,8
0.25999999999999995,0,0.0,0.0,0.0,0.0,8
0.27999999999999997,0,0.0,0.0,0.0,0.0,8
0.3,0,0.0,0.0,0.0,0.0,8
0.32,0,0.0,0.0,0.0,0.0,8
0.34,0,0.0,0.0,0.0,0.0,8
0.36000000000000004,0,0.0,0.0,0.0,0.0,8
0.38000000000000006,0,0.0,0.0,0.0,0.0,8
0.4000000000000001,0,0.0,0.0,0.0,0.0,8
0.4200000000000001,0,0.0,0.0,0.0,0.0,8
0.4400000000000001,0,0.0,0.0,0.0,0.0,8
0.46000000000000013,0,0.0,0.0,0.0,0.0,8
0.48000000000000015,0,0.0,0.0,0.0,0.0,8
0.5000000000000001,0,0.0,0.0,0.0,0.0,8
0.5200000000000001,0,0.0,0.0,0.0,0.0,8
0.5400000000000001,0,0.0,0.0,0.0,0.0,8
0.5600000000000002,0,0.0,0.0,0.0,0.0,8
0.5800000000000002,0,0.0,0.0,0.0,0.0,8
0.6000000000000002,0,0.0,0.0,0.0,0.0,8
0.6200000000000002,0,0.0,0.0,0.0,0.0,8
0.6400000000000002,0,0.0,0.0,0.0,0.0,8
0.6600000000000003,0,0.0,0.0,0.0,0.0,8
0.6800000000000003,0,0.0,0.0,0.0,0.0,8
0.7000000000000003,313,0.076416015625,0.3004975124378109,0.3038229376257545,0.9648562300319489,8
0.7200000000000003,934,0.22802734375,0.910802775024777,0.9245472837022133,0.9839400428265525,8
0.7400000000000003,940,0.2294921875,0.9167492566897919,0.9305835010060363,0.9840425531914894,8
0.7600000000000003,942,0.22998046875,0.9187314172447968,0.9325955734406438,0.9840764331210191,8
0.7800000000000004,944,0.23046875,0.9207135777998018,0.9346076458752515,0.9841101694915254,8
0.8000000000000004,945,0.230712890625,0.9217046580773043,0.9356136820925554,0.9841269841269841,8
0.8200000000000004,946,0.23095703125,0.9226957383548068,0.9366197183098591,0.9841437632135307,8
0.8400000000000004,947,0.231201171875,0.9236868186323092,0.937625754527163,0.9841605068637803,8
0.8600000000000004,948,0.2314453125,0.9246778989098117,0.9386317907444668,0.9841772151898734,8
0.8800000000000004,948,0.2314453125,0.9246778989098117,0.9386317907444668,0.9841772151898734,8
0.9000000000000005,948,0.2314453125,0.9246778989098117,0.9386317907444668,0.9841772151898734,8
0.9200000000000005,948,0.2314453125,0.9246778989098117,0.9386317907444668,0.9841772151898734,8
0.9400000000000005,948,0.2314453125,0.9246778989098117,0.9386317907444668,0.9841772151898734,8
0.9600000000000005,948,0.2314453125,0.9246778989098117,0.9386317907444668,0.9841772151898734,8
0.9800000000000005,948,0.2314453125,0.9246778989098117,0.9386317907444668,0.9841772151898734,8
1.0000000000000004,948,0.2314453125,0.9246778989098117,0.9386317907444668,0.9841772151898734,8
0.0,0,0.0,0.0,0.0,0.0,9
0.02,0,0.0,0.0,0.0,0.0,9
0.04,0,0.0,0.0,0.0,0.0,9
0.06,0,0.0,0.0,0.0,0.0,9
0.08,0,0.0,0.0,0.0,0.0,9
0.1,0,0.0,0.0,0.0,0.0,9
0.12000000000000001,0,0.0,0.0,0.0,0.0,9
0.14,0,0.0,0.0,0.0,0.0,9
0.16,0,0.0,0.0,0.0,0.0,9
0.18,0,0.0,0.0,0.0,0.0,9
0.19999999999999998,0,0.0,0.0,0.0,0.0,9
0.21999999999999997,0,0.0,0.0,0.0,0.0,9
0.23999999999999996,0,0.0,0.0,0.0,0.0,9
0.25999999999999995,0,0.0,0.0,0.0,0.0,9
0.27999999999999997,0,0.0,0.0,0.0,0.0,9
0.3,0,0.0,0.0,0.0,0.0,9
0.32,0,0.0,0.0,0.0,0.0,9
0.34,0,0.0,0.0,0.0,0.0,9
0.36000000000000004,0,0.0,0.0,0.0,0.0,9
0.38000000000000006,0,0.0,0.0,0.0,0.0,9
0.4000000000000001,0,0.0,0.0,0.0,0.0,9
0.4200000000000001,0,0.0,0.0,0.0,0.0,9
0.4400000000000001,0,0.0,0.0,0.0,0.0,9
0.46000000000000013,0,0.0,0.0,0.0,0.0,9
0.48000000000000015,0,0.0,0.0,0.0,0.0,9
0.5000000000000001,0,0.0,0.0,0.0,0.0,9
0.5200000000000001,0,0.0,0.0,0.0,0.0,9
0.5400000000000001,0,0.0,0.0,0.0,0.0,9
0.5600000000000002,0,0.0,0.0,0.0,0.0,9
0.5800000000000002,0,0.0,0.0,0.0,0.0,9
0.6000000000000002,0,0.0,0.0,0.0,0.0,9
0.6200000000000002,0,0.0,0.0,0.0,0.0,9
0.6400000000000002,0,0.0,0.0,0.0,0.0,9
0.6600000000000003,0,0.0,0.0,0.0,0.0,9
0.6800000000000003,0,0.0,0.0,0.0,0.0,9
0.7000000000000003,319,0.077880859375,0.31584158415841584,0.31584158415841584,1.0,9
0.7200000000000003,1010,0.24658203125,1.0,1.0,1.0,9
0.7400000000000003,1010,0.24658203125,1.0,1.0,1.0,9
0.7600000000000003,1010,0.24658203125,1.0,1.0,1.0,9
0.7800000000000004,1010,0.24658203125,1.0,1.0,1.0,9
0.8000000000000004,1010,0.24658203125,1.0,1.0,1.0,9
0.8200000000000004,1010,0.24658203125,1.0,1.0,1.0,9
0.8400000000000004,1010,0.24658203125,1.0,1.0,1.0,9
0.8600000000000004,1010,0.24658203125,1.0,1.0,1.0,9
0.8800000000000004,1010,0.24658203125,1.0,1.0,1.0,9
0.9000000000000005,1010,0.24658203125,1.0,1.0,1.0,9
0.9200000000000005,1010,0.24658203125,1.0,1.0,1.0,9
0.9400000000000005,1010,0.24658203125,1.0,1.0,1.0,9
0.9600000000000005,1010,0.24658203125,1.0,1.0,1.0,9
0.9800000000000005,1010,0.24658203125,1.0,1.0,1.0,9
1.0000000000000004,1010,0.24658203125,1.0,1.0,1.0,9
0.0,0,0.0,0.0,0.0,0.0,10
0.02,0,0.0,0.0,0.0,0.0,10
0.04,0,0.0,0.0,0.0,0.0,10
0.06,0,0.0,0.0,0.0,0.0,10
0.08,0,0.0,0.0,0.0,0.0,10
0.1,0,0.0,0.0,0.0,0.0,10
0.12000000000000001,0,0.0,0.0,0.0,0.0,10
0.14,0,0.0,0.0,0.0,0.0,10
0.16,0,0.0,0.0,0.0,0.0,10
0.18,0,0.0,0.0,0.0,0.0,10
0.19999999999999998,0,0.0,0.0,0.0,0.0,10
0.21999999999999997,0,0.0,0.0,0.0,0.0,10
0.23999999999999996,0,0.0,0.0,0.0,0.0,10
0.25999999999999995,0,0.0,0.0,0.0,0.0,10
0.27999999999999997,0,0.0,0.0,0.0,0.0,10
0.3,0,0.0,0.0,0.0,0.0,10
0.32,0,0.0,0.0,0.0,0.0,10
0.34,0,0.0,0.0,0.0,0.0,10
0.36000000000000004,0,0.0,0.0,0.0,0.0,10
0.38000000000000006,0,0.0,0.0,0.0,0.0,10
0.4000000000000001,0,0.0,0.0,0.0,0.0,10
0.4200000000000001,0,0.0,0.0,0.0,0.0,10
0.4400000000000001,0,0.0,0.0,0.0,0.0,10
0.46000000000000013,0,0.0,0.0,0.0,0.0,10
0.48000000000000015,0,0.0,0.0,0.0,0.0,10
0.5000000000000001,0,0.0,0.0,0.0,0.0,10
0.5200000000000001,0,0.0,0.0,0.0,0.0,10
0.5400000000000001,0,0.0,0.0,0.0,0.0,10
0.5600000000000002,0,0.0,0.0,0.0,0.0,10
0.5800000000000002,0,0.0,0.0,0.0,0.0,10
0.6000000000000002,0,0.0,0.0,0.0,0.0,10
0.6200000000000002,0,0.0,0.0,0.0,0.0,10
0.6400000000000002,0,0.0,0.0,0.0,0.0,10
0.6600000000000003,0,0.0,0.0,0.0,0.0,10
0.6800000000000003,0,0.0,0.0,0.0,0.0,10
0.7000000000000003,146,0.03564453125,0.22121212121212122,0.22121212121212122,1.0,10
0.7200000000000003,660,0.1611328125,1.0,1.0,1.0,10
0.7400000000000003,660,0.1611328125,1.0,1.0,1.0,10
0.7600000000000003,660,0.1611328125,1.0,1.0,1.0,10
0.7800000000000004,660,0.1611328125,1.0,1.0,1.0,10
0.8000000000000004,660,0.1611328125,1.0,1.0,1.0,10
0.8200000000000004,660,0.1611328125,1.0,1.0,1.0,10
0.8400000000000004,660,0.1611328125,1.0,1.0,1.0,10
0.8600000000000004,660,0.1611328125,1.0,1.0,1.0,10
0.8800000000000004,660,0.1611328125,1.0,1.0,1.0,10
0.9000000000000005,660,0.1611328125,1.0,1.0,1.0,10
0.9200000000000005,660,0.1611328125,1.0,1.0,1.0,10
0.9400000000000005,660,0.1611328125,1.0,1.0,1.0,10
0.9600000000000005,660,0.1611328125,1.0,1.0,1.0,10
0.9800000000000005,660,0.1611328125,1.0,1.0,1.0,10
1.0000000000000004,660,0.1611328125,1.0,1.0,1.0,10
0.0,0,0.0,0.0,0.0,0.0,11
0.02,0,0.0,0.0,0.0,0.0,11
0.04,0,0.0,0.0,0.0,0.0,11
0.06,0,0.0,0.0,0.0,0.0,11
0.08,0,0.0,0.0,0.0,0.0,11
0.1,0,0.0,0.0,0.0,0.0,11
0.12000000000000001,0,0.0,0.0,0.0,0.0,11
0.14,0,0.0,0.0,0.0,0.0,11
0.16,0,0.0,0.0,0.0,0.0,11
0.18,0,0.0,0.0,0.0,0.0,11
0.19999999999999998,0,0.0,0.0,0.0,0.0,11
0.21999999999999997,0,0.0,0.0,0.0,0.0,11
0.23999999999999996,0,0.0,0.0,0.0,0.0,11
0.25999999999999995,0,0.0,0.0,0.0,0.0,11
0.27999999999999997,0,0.0,0.0,0.0,0.0,11
0.3,0,0.0,0.0,0.0,0.0,11
0.32,0,0.0,0.0,0.0,0.0,11
0.34,0,0.0,0.0,0.0,0.0,11
0.36000000000000004,0,0.0,0.0,0.0,0.0,11
0.38000000000000006,0,0.0,0.0,0.0,0.0,11
0.4000000000000001,0,0.0,0.0,0.0,0.0,11
0.4200000000000001,0,0.0,0.0,0.0,0.0,11
0.4400000000000001,0,0.0,0.0,0.0,0.0,11
0.46000000000000013,0,0.0,0.0,0.0,0.0,11
0.48000000000000015,0,0.0,0.0,0.0,0.0,11
0.5000000000000001,0,0.0,0.0,0.0,0.0,11
0.5200000000000001,0,0.0,0.0,0.0,0.0,11
0.5400000000000001,0,0.0,0.0,0.0,0.0,11
0.5600000000000002,0,0.0,0.0,0.0,0.0,11
0.5800000000000002,0,0.0,0.0,0.0,0.0,11
0.6000000000000002,0,0.0,0.0,0.0,0.0,11
0.6200000000000002,0,0.0,0.0,0.0,0.0,11
0.6400000000000002,0,0.0,0.0,0.0,0.0,11
0.6600000000000003,0,0.0,0.0,0.0,0.0,11
0.6800000000000003,0,0.0,0.0,0.0,0.0,11
0.7000000000000003,271,0.066162109375,0.23050556983718937,0.23090128755364808,0.992619926199262,11
0.7200000000000003,1203,0.293701171875,0.9684123025768911,1.0,0.9684123025768911,11
0.7400000000000003,1213,0.296142578125,0.9604286892003298,1.0,0.9604286892003298,11
0.7600000000000003,1213,0.296142578125,0.9604286892003298,1.0,0.9604286892003298,11
0.7800000000000004,1214,0.29638671875,0.9596375617792422,1.0,0.9596375617792422,11
0.8000000000000004,1214,0.29638671875,0.9596375617792422,1.0,0.9596375617792422,11
0.8200000000000004,1215,0.296630859375,0.9588477366255144,1.0,0.9588477366255144,11
0.8400000000000004,1215,0.296630859375,0.9588477366255144,1.0,0.9588477366255144,11
0.8600000000000004,1215,0.296630859375,0.9588477366255144,1.0,0.9588477366255144,11
0.8800000000000004,1215,0.296630859375,0.9588477366255144,1.0,0.9588477366255144,11
0.9000000000000005,1215,0.296630859375,0.9588477366255144,1.0,0.9588477366255144,11
0.9200000000000005,1215,0.296630859375,0.9588477366255144,1.0,0.9588477366255144,11
0.9400000000000005,1215,0.296630859375,0.9588477366255144,1.0,0.9588477366255144,11
0.9600000000000005,1215,0.296630859375,0.9588477366255144,1.0,0.9588477366255144,11
0.9800000000000005,1215,0.296630859375,0.9588477366255144,1.0,0.9588477366255144,11
1.0000000000000004,1215,0.296630859375,0.9588477366255144,1.0,0.9588477366255144,11
0.0,0,0.0,0.0,0.0,0.0,12
0.02,0,0.0,0.0,0.0,0.0,12
0.04,0,0.0,0.0,0.0,0.0,12
0.06,0,0.0,0.0,0.0,0.0,12
0.08,0,0.0,0.0,0.0,0.0,12
0.1,0,0.0,0.0,0.0,0.0,12
0.12000000000000001,0,0.0,0.0,0.0,0.0,12
0.14,0,0.0,0.0,0.0,0.0,12
0.16,0,0.0,0.0,0.0,0.0,12
0.18,0,0.0,0.0,0.0,0.0,12
0.19999999999999998,0,0.0,0.0,0.0,0.0,12
0.21999999999999997,0,0.0,0.0,0.0,0.0,12
0.23999999999999996,0,0.0,0.0,0.0,0.0,12
0.25999999999999995,0,0.0,0.0,0.0,0.0,12
0.27999999999999997,0,0.0,0.0,0.0,0.0,12
0.3,0,0.0,0.0,0.0,0.0,12
0.32,0,0.0,0.0,0.0,0.0,12
0.34,0,0.0,0.0,0.0,0.0,12
0.36000000000000004,0,0.0,0.0,0.0,0.0,12
0.38000000000000006,0,0.0,0.0,0.0,0.0,12
0.4000000000000001,0,0.0,0.0,0.0,0.0,12
0.4200000000000001,0,0.0,0.0,0.0,0.0,12
0.4400000000000001,0,0.0,0.0,0.0,0.0,12
0.46000000000000013,0,0.0,0.0,0.0,0.0,12
0.48000000000000015,0,0.0,0.0,0.0,0.0,12
0.5000000000000001,0,0.0,0.0,0.0,0.0,12
0.5200000000000001,0,0.0,0.0,0.0,0.0,12
0.5400000000000001,0,0.0,0.0,0.0,0.0,12
0.5600000000000002,0,0.0,0.0,0.0,0.0,12
0.5800000000000002,0,0.0,0.0,0.0,0.0,12
0.6000000000000002,0,0.0,0.0,0.0,0.0,12
0.6200000000000002,0,0.0,0.0,0.0,0.0,12
0.6400000000000002,0,0.0,0.0,0.0,0.0,12
0.6600000000000003,0,0.0,0.0,0.0,0.0,12
0.6800000000000003,0,0.0,0.0,0.0,0.0,12
0.7000000000000003,167,0.040771484375,0.28842832469775476,0.28842832469775476,1.0,12
0.7200000000000003,579,0.141357421875,1.0,1.0,1.0,12
0.7400000000000003,579,0.141357421875,1.0,1.0,1.0,12
0.7600000000000003,579,0.141357421875,1.0,1.0,1.0,12
0.7800000000000004,579,0.141357421875,1.0,1.0,1.0,12
0.8000000000000004,579,0.141357421875,1.0,1.0,1.0,12
0.8200000000000004,579,0.141357421875,1.0,1.0,1.0,12
0.8400000000000004,579,0.141357421875,1.0,1.0,1.0,12
0.8600000000000004,579,0.141357421875,1.0,1.0,1.0,12
0.8800000000000004,579,0.141357421875,1.0,1.0,1.0,12
0.9000000000000005,579,0.141357421875,1.0,1.0,1.0,12
0.9200000000000005,579,0.141357421875,1.0,1.0,1.0,12
0.9400000000000005,579,0.141357421875,1.0,1.0,1.0,12
0.9600000000000005,579,0.141357421875,1.0,1.0,1.0,12
0.9800000000000005,579,0.141357421875,1.0,1.0,1.0,12
1.0000000000000004,579,0.141357421875,1.0,1.0,1.0,12
0.0,0,0.0,0.0,0.0,0.0,13
0.02,0,0.0,0.0,0.0,0.0,13
0.04,0,0.0,0.0,0.0,0.0,13
0.06,0,0.0,0.0,0.0,0.0,13
0.08,0,0.0,0.0,0.0,0.0,13
0.1,0,0.0,0.0,0.0,0.0,13
0.12000000000000001,0,0.0,0.0,0.0,0.0,13
0.14,0,0.0,0.0,0.0,0.0,13
0.16,0,0.0,0.0,0.0,0.0,13
0.18,0,0.0,0.0,0.0,0.0,13
0.19999999999999998,0,0.0,0.0,0.0,0.0,13
0.21999999999999997,0,0.0,0.0,0.0,0.0,13
0.23999999999999996,0,0.0,0.0,0.0,0.0,13
0.25999999999999995,0,0.0,0.0,0.0,0.0,13
0.27999999999999997,0,0.0,0.0,0.0,0.0,13
0.3,0,0.0,0.0,0.0,0.0,13
0.32,0,0.0,0.0,0.0,0.0,13
0.34,0,0.0,0.0,0.0,0.0,13
0.36000000000000004,0,0.0,0.0,0.0,0.0,13
0.38000000000000006,0,0.0,0.0,0.0,0.0,13
0.4000000000000001,0,0.0,0.0,0.0,0.0,13
0.4200000000000001,0,0.0,0.0,0.0,0.0,13
0.4400000000000001,0,0.0,0.0,0.0,0.0,13
0.46000000000000013,0,0.0,0.0,0.0,0.0,13
0.48000000000000015,0,0.0,0.0,0.0,0.0,13
0.5000000000000001,0,0.0,0.0,0.0,0.0,13
0.5200000000000001,0,0.0,0.0,0.0,0.0,13
0.5400000000000001,0,0.0,0.0,0.0,0.0,13
0.5600000000000002,0,0.0,0.0,0.0,0.0,13
0.5800000000000002,0,0.0,0.0,0.0,0.0,13
0.6000000000000002,0,0.0,0.0,0.0,0.0,13
0.6200000000000002,0,0.0,0.0,0.0,0.0,13
0.6400000000000002,0,0.0,0.0,0.0,0.0,13
0.6600000000000003,0,0.0,0.0,0.0,0.0,13
0.6800000000000003,0,0.0,0.0,0.0,0.0,13
0.7000000000000003,212,0.0517578125,0.29322268326417705,0.29322268326417705,1.0,13
0.7200000000000003,723,0.176513671875,1.0,1.0,1.0,13
0.7400000000000003,723,0.176513671875,1.0,1.0,1.0,13
0.7600000000000003,723,0.176513671875,1.0,1.0,1.0,13
0.7800000000000004,723,0.176513671875,1.0,1.0,1.0,13
0.8000000000000004,723,0.176513671875,1.0,1.0,1.0,13
0.8200000000000004,723,0.176513671875,1.0,1.0,1.0,13
0.8400000000000004,723,0.176513671875,1.0,1.0,1.0,13
0.8600000000000004,723,0.176513671875,1.0,1.0,1.0,13
0.8800000000000004,723,0.176513671875,1.0,1.0,1.0,13
0.9000000000000005,723,0.176513671875,1.0,1.0,1.0,13
0.9200000000000005,723,0.176513671875,1.0,1.0,1.0,13
0.9400000000000005,723,0.176513671875,1.0,1.0,1.0,13
0.9600000000000005,723,0.176513671875,1.0,1.0,1.0,13
0.9800000000000005,723,0.176513671875,1.0,1.0,1.0,13
1.0000000000000004,723,0.176513671875,1.0,1.0,1.0,13
0.0,0,0.0,0.0,0.0,0.0,14
0.02,0,0.0,0.0,0.0,0.0,14
0.04,0,0.0,0.0,0.0,0.0,14
0.06,0,0.0,0.0,0.0,0.0,14
0.08,0,0.0,0.0,0.0,0.0,14
0.1,0,0.0,0.0,0.0,0.0,14
0.12000000000000001,0,0.0,0.0,0.0,0.0,14
0.14,0,0.0,0.0,0.0,0.0,14
0.16,0,0.0,0.0,0.0,0.0,14
0.18,0,0.0,0.0,0.0,0.0,14
0.19999999999999998,0,0.0,0.0,0.0,0.0,14
0.21999999999999997,0,0.0,0.0,0.0,0.0,14
0.23999999999999996,0,0.0,0.0,0.0,0.0,14
0.25999999999999995,0,0.0,0.0,0.0,0.0,14
0.27999999999999997,0,0.0,0.0,0.0,0.0,14
0.3,0,0.0,0.0,0.0,0.0,14
0.32,0,0.0,0.0,0.0,0.0,14
0.34,0,0.0,0.0,0.0,0.0,14
0.36000000000000004,0,0.0,0.0,0.0,0.0,14
0.38000000000000006,0,0.0,0.0,0.0,0.0,14
0.4000000000000001,0,0.0,0.0,0.0,0.0,14
0.4200000000000001,0,0.0,0.0,0.0,0.0,14
0.4400000000000001,0,0.0,0.0,0.0,0.0,14
0.46000000000000013,0,0.0,0.0,0.0,0.0,14
0.48000000000000015,0,0.0,0.0,0.0,0.0,14
0.5000000000000001,0,0.0,0.0,0.0,0.0,14
0.5200000000000001,0,0.0,0.0,0.0,0.0,14
0.5400000000000001,0,0.0,0.0,0.0,0.0,14
0.5600000000000002,0,0.0,0.0,0.0,0.0,14
0.5800000000000002,0,0.0,0.0,0.0,0.0,14
0.6000000000000002,0,0.0,0.0,0.0,0.0,14
0.6200000000000002,0,0.0,0.0,0.0,0.0,14
0.6400000000000002,0,0.0,0.0,0.0,0.0,14
0.6600000000000003,0,0.0,0.0,0.0,0.0,14
0.6800000000000003,0,0.0,0.0,0.0,0.0,14
0.7000000000000003,155,0.037841796875,0.31958762886597936,0.31958762886597936,1.0,14
0.7200000000000003,485,0.118408203125,1.0,1.0,1.0,14
0.7400000000000003,485,0.118408203125,1.0,1.0,1.0,14
0.7600000000000003,485,0.118408203125,1.0,1.0,1.0,14
0.7800000000000004,485,0.118408203125,1.0,1.0,1.0,14
0.8000000000000004,485,0.118408203125,1.0,1.0,1.0,14
0.8200000000000004,485,0.118408203125,1.0,1.0,1.0,14
0.8400000000000004,485,0.118408203125,1.0,1.0,1.0,14
0.8600000000000004,485,0.118408203125,1.0,1.0,1.0,14
0.8800000000000004,485,0.118408203125,1.0,1.0,1.0,14
0.9000000000000005,485,0.118408203125,1.0,1.0,1.0,14
0.9200000000000005,485,0.118408203125,1.0,1.0,1.0,14
0.9400000000000005,485,0.118408203125,1.0,1.0,1.0,14
0.9600000000000005,485,0.118408203125,1.0,1.0,1.0,14
0.9800000000000005,485,0.118408203125,1.0,1.0,1.0,14
1.0000000000000004,485,0.118408203125,1.0,1.0,1.0,14
0.0,0,0.0,0.0,0.0,0.0,15
0.02,0,0.0,0.0,0.0,0.0,15
0.04,0,0.0,0.0,0.0,0.0,15
0.06,0,0.0,0.0,0.0,0.0,15
0.08,0,0.0,0.0,0.0,0.0,15
0.1,0,0.0,0.0,0.0,0.0,15
0.12000000000000001,0,0.0,0.0,0.0,0.0,15
0.14,0,0.0,0.0,0.0,0.0,15
0.16,0,0.0,0.0,0.0,0.0,15
0.18,0,0.0,0.0,0.0,0.0,15
0.19999999999999998,0,0.0,0.0,0.0,0.0,15
0.21999999999999997,0,0.0,0.0,0.0,0.0,15
0.23999999999999996,0,0.0,0.0,0.0,0.0,15
0.25999999999999995,0,0.0,0.0,0.0,0.0,15
0.27999999999999997,0,0.0,0.0,0.0,0.0,15
0.3,0,0.0,0.0,0.0,0.0,15
0.32,0,0.0,0.0,0.0,0.0,15
0.34,0,0.0,0.0,0.0,0.0,15
0.36000000000000004,0,0.0,0.0,0.0,0.0,15
0.38000000000000006,0,0.0,0.0,0.0,0.0,15
0.4000000000000001,0,0.0,0.0,0.0,0.0,15
0.4200000000000001,0,0.0,0.0,0.0,0.0,15
0.4400000000000001,0,0.0,0.0,0.0,0.0,15
0.46000000000000013,0,0.0,0.0,0.0,0.0,15
0.48000000000000015,0,0.0,0.0,0.0,0.0,15
0.5000000000000001,0,0.0,0.0,0.0,0.0,15
0.5200000000000001,0,0.0,0.0,0.0,0.0,15
0.5400000000000001,0,0.0,0.0,0.0,0.0,15
0.5600000000000002,0,0.0,0.0,0.0,0.0,15
0.5800000000000002,0,0.0,0.0,0.0,0.0,15
0.6000000000000002,0,0.0,0.0,0.0,0.0,15
0.6200000000000002,0,0.0,0.0,0.0,0.0,15
0.6400000000000002,0,0.0,0.0,0.0,0.0,15
0.6600000000000003,0,0.0,0.0,0.0,0.0,15
0.6800000000000003,0,0.0,0.0,0.0,0.0,15
0.7000000000000003,234,0.05712890625,0.19306930693069307,0.19306930693069307,1.0,15
0.7200000000000003,1212,0.2958984375,1.0,1.0,1.0,15
0.7400000000000003,1212,0.2958984375,1.0,1.0,1.0,15
0.7600000000000003,1212,0.2958984375,1.0,1.0,1.0,15
0.7800000000000004,1212,0.2958984375,1.0,1.0,1.0,15
0.8000000000000004,1212,0.2958984375,1.0,1.0,1.0,15
0.8200000000000004,1212,0.2958984375,1.0,1.0,1.0,15
0.8400000000000004,1212,0.2958984375,1.0,1.0,1.0,15
0.8600000000000004,1212,0.2958984375,1.0,1.0,1.0,15
0.8800000000000004,1212,0.2958984375,1.0,1.0,1.0,15
0.9000000000000005,1212,0.2958984375,1.0,1.0,1.0,15
0.9200000000000005,1212,0.2958984375,1.0,1.0,1.0,15
0.9400000000000005,1212,0.2958984375,1.0,1.0,1.0,15
0.9600000000000005,1212,0.2958984375,1.0,1.0,1.0,15
0.9800000000000005,1212,0.2958984375,1.0,1.0,1.0,15
1.0000000000000004,1212,0.2958984375,1.0,1.0,1.0,15
0.0,0,0.0,0.0,0.0,0.0,16
0.02,0,0.0,0.0,0.0,0.0,16
0.04,0,0.0,0.0,0.0,0.0,16
0.06,0,0.0,0.0,0.0,0.0,16
0.08,0,0.0,0.0,0.0,0.0,16
0.1,0,0.0,0.0,0.0,0.0,16
0.12000000000000001,0,0.0,0.0,0.0,0.0,16
0.14,0,0.0,0.0,0.0,0.0,16
0.16,0,0.0,0.0,0.0,0.0,16
0.18,0,0.0,0.0,0.0,0.0,16
0.19999999999999998,0,0.0,0.0,0.0,0.0,16
0.21999999999999997,0,0.0,0.0,0.0,0.0,16
0.23999999999999996,0,0.0,0.0,0.0,0.0,16
0.25999999999999995,0,0.0,0.0,0.0,0.0,16
0.27999999999999997,0,0.0,0.0,0.0,0.0,16
0.3,0,0.0,0.0,0.0,0.0,16
0.32,0,0.0,0.0,0.0,0.0,16
0.34,0,0.0,0.0,0.0,0.0,16
0.36000000000000004,0,0.0,0.0,0.0,0.0,16
0.38000000000000006,0,0.0,0.0,0.0,0.0,16
0.4000000000000001,0,0.0,0.0,0.0,0.0,16
0.4200000000000001,0,0.0,0.0,0.0,0.0,16
0.4400000000000001,0,0.0,0.0,0.0,0.0,16
0.46000000000000013,0,0.0,0.0,0.0,0.0,16
0.48000000000000015,0,0.0,0.0,0.0,0.0,16
0.5000000000000001,0,0.0,0.0,0.0,0.0,16
0.5200000000000001,0,0.0,0.0,0.0,0.0,16
0.5400000000000001,0,0.0,0.0,0.0,0.0,16
0.5600000000000002,0,0.0,0.0,0.0,0.0,16
0.5800000000000002,0,0.0,0.0,0.0,0.0,16
0.6000000000000002,0,0.0,0.0,0.0,0.0,16
0.6200000000000002,0,0.0,0.0,0.0,0.0,16
0.6400000000000002,0,0.0,0.0,0.0,0.0,16
0.6600000000000003,0,0.0,0.0,0.0,0.0,16
0.6800000000000003,0,0.0,0.0,0.0,0.0,16
0.7000000000000003,106,0.02587890625,0.15384615384615385,0.15384615384615385,1.0,16
0.7200000000000003,689,0.168212890625,1.0,1.0,1.0,16
0.7400000000000003,689,0.168212890625,1.0,1.0,1.0,16
0.7600000000000003,689,0.168212890625,1.0,1.0,1.0,16
0.7800000000000004,689,0.168212890625,1.0,1.0,1.0,16
0.8000000000000004,689,0.168212890625,1.0,1.0,1.0,16
0.8200000000000004,689,0.168212890625,1.0,1.0,1.0,16
0.8400000000000004,689,0.168212890625,1.0,1.0,1.0,16
0.8600000000000004,689,0.168212890625,1.0,1.0,1.0,16
0.8800000000000004,689,0.168212890625,1.0,1.0,1.0,16
0.9000000000000005,689,0.168212890625,1.0,1.0,1.0,16
0.9200000000000005,689,0.168212890625,1.0,1.0,1.0,16
0.9400000000000005,689,0.168212890625,1.0,1.0,1.0,16
0.9600000000000005,689,0.168212890625,1.0,1.0,1.0,16
0.9800000000000005,689,0.168212890625,1.0,1.0,1.0,16
1.0000000000000004,689,0.168212890625,1.0,1.0,1.0,16
0.0,0,0.0,0.0,0.0,0.0,17
0.02,0,0.0,0.0,0.0,0.0,17
0.04,0,0.0,0.0,0.0,0.0,17
0.06,0,0.0,0.0,0.0,0.0,17
0.08,0,0.0,0.0,0.0,0.0,17
0.1,0,0.0,0.0,0.0,0.0,17
0.12000000000000001,0,0.0,0.0,0.0,0.0,17
0.14,0,0.0,0.0,0.0,0.0,17
0.16,0,0.0,0.0,0.0,0.0,17
0.18,0,0.0,0.0,0.0,0.0,17
0.19999999999999998,0,0.0,0.0,0.0,0.0,17
0.21999999999999997,0,0.0,0.0,0.0,0.0,17
0.23999999999999996,0,0.0,0.0,0.0,0.0,17
0.25999999999999995,0,0.0,0.0,0.0,0.0,17
0.27999999999999997,0,0.0,0.0,0.0,0.0,17
0.3,0,0.0,0.0,0.0,0.0,17
0.32,0,0.0,0.0,0.0,0.0,17
0.34,0,0.0,0.0,0.0,0.0,17
0.36000000000000004,0,0.0,0.0,0.0,0.0,17
0.38000000000000006,0,0.0,0.0,0.0,0.0,17
0.4000000000000001,0,0.0,0.0,0.0,0.0,17
0.4200000000000001,0,0.0,0.0,0.0,0.0,17
0.4400000000000001,0,0.0,0.0,0.0,0.0,17
0.46000000000000013,0,0.0,0.0,0.0,0.0,17
0.48000000000000015,0,0.0,0.0,0.0,0.0,17
0.5000000000000001,0,0.0,0.0,0.0,0.0,17
0.5200000000000001,0,0.0,0.0,0.0,0.0,17
0.5400000000000001,0,0.0,0.0,0.0,0.0,17
0.5600000000000002,0,0.0,0.0,0.0,0.0,17
0.5800000000000002,0,0.0,0.0,0.0,0.0,17
0.6000000000000002,0,0.0,0.0,0.0,0.0,17
0.6200000000000002,0,0.0,0.0,0.0,0.0,17
0.6400000000000002,0,0.0,0.0,0.0,0.0,17
0.6600000000000003,0,0.0,0.0,0.0,0.0,17
0.6800000000000003,0,0.0,0.0,0.0,0.0,17
0.7000000000000003,118,0.02880859375,0.21973929236499068,0.21973929236499068,1.0,17
0.7200000000000003,537,0.131103515625,1.0,1.0,1.0,17
0.7400000000000003,537,0.131103515625,1.0,1.0,1.0,17
0.7600000000000003,537,0.131103515625,1.0,1.0,1.0,17
0.7800000000000004,537,0.131103515625,1.0,1.0,1.0,17
0.8000000000000004,537,0.131103515625,1.0,1.0,1.0,17
0.8200000000000004,537,0.131103515625,1.0,1.0,1.0,17
0.8400000000000004,537,0.131103515625,1.0,1.0,1.0,17
0.8600000000000004,537,0.131103515625,1.0,1.0,1.0,17
0.8800000000000004,537,0.131103515625,1.0,1.0,1.0,17
0.9000000000000005,537,0.131103515625,1.0,1.0,1.0,17
0.9200000000000005,537,0.131103515625,1.0,1.0,1.0,17
0.9400000000000005,537,0.131103515625,1.0,1.0,1.0,17
0.9600000000000005,537,0.131103515625,1.0,1.0,1.0,17
0.9800000000000005,537,0.131103515625,1.0,1.0,1.0,17
1.0000000000000004,537,0.131103515625,1.0,1.0,1.0,17
0.0,0,0.0,0.0,0.0,0.0,18
0.02,0,0.0,0.0,0.0,0.0,18
0.04,0,0.0,0.0,0.0,0.0,18
0.06,0,0.0,0.0,0.0,0.0,18
0.08,0,0.0,0.0,0.0,0.0,18
0.1,0,0.0,0.0,0.0,0.0,18
0.12000000000000001,0,0.0,0.0,0.0,0.0,18
0.14,0,0.0,0.0,0.0,0.0,18
0.16,0,0.0,0.0,0.0,0.0,18
0.18,0,0.0,0.0,0.0,0.0,18
0.19999999999999998,0,0.0,0.0,0.0,0.0,18
0.21999999999999997,0,0.0,0.0,0.0,0.0,18
0.23999999999999996,0,0.0,0.0,0.0,0.0,18
0.25999999999999995,0,0.0,0.0,0.0,0.0,18
0.27999999999999997,0,0.0,0.0,0.0,0.0,18
0.3,0,0.0,0.0,0.0,0.0,18
0.32,0,0.0,0.0,0.0,0.0,18
0.34,0,0.0,0.0,0.0,0.0,18
0.36000000000000004,0,0.0,0.0,0.0,0.0,18
0.38000000000000006,0,0.0,0.0,0.0,0.0,18
0.4000000000000001,0,0.0,0.0,0.0,0.0,18
0.4200000000000001,0,0.0,0.0,0.0,0.0,18
0.4400000000000001,0,0.0,0.0,0.0,0.0,18
0.46000000000000013,0,0.0,0.0,0.0,0.0,18
0.48000000000000015,0,0.0,0.0,0.0,0.0,18
0.5000000000000001,0,0.0,0.0,0.0,0.0,18
0.5200000000000001,0,0.0,0.0,0.0,0.0,18
0.5400000000000001,0,0.0,0.0,0.0,0.0,18
0.5600000000000002,0,0.0,0.0,0.0,0.0,18
0.5800000000000002,0,0.0,0.0,0.0,0.0,18
0.6000000000000002,0,0.0,0.0,0.0,0.0,18
0.6200000000000002,0,0.0,0.0,0.0,0.0,18
0.6400000000000002,0,0.0,0.0,0.0,0.0,18
0.6600000000000003,0,0.0,0.0,0.0,0.0,18
0.6800000000000003,0,0.0,0.0,0.0,0.0,18
0.7000000000000003,287,0.070068359375,0.2955715756951596,0.2955715756951596,1.0,18
0.7200000000000003,971,0.237060546875,1.0,1.0,1.0,18
0.7400000000000003,971,0.237060546875,1.0,1.0,1.0,18
0.7600000000000003,971,0.237060546875,1.0,1.0,1.0,18
0.7800000000000004,971,0.237060546875,1.0,1.0,1.0,18
0.8000000000000004,971,0.237060546875,1.0,1.0,1.0,18
0.8200000000000004,971,0.237060546875,1.0,1.0,1.0,18
0.8400000000000004,971,0.237060546875,1.0,1.0,1.0,18
0.8600000000000004,971,0.237060546875,1.0,1.0,1.0,18
0.8800000000000004,971,0.237060546875,1.0,1.0,1.0,18
0.9000000000000005,971,0.237060546875,1.0,1.0,1.0,18
0.9200000000000005,971,0.237060546875,1.0,1.0,1.0,18
0.9400000000000005,971,0.237060546875,1.0,1.0,1.0,18
0.9600000000000005,971,0.237060546875,1.0,1.0,1.0,18
0.9800000000000005,971,0.237060546875,1.0,1.0,1.0,18
1.0000000000000004,971,0.237060546875,1.0,1.0,1.0,18
0.0,0,0.0,0.0,0.0,0.0,19
0.02,0,0.0,0.0,0.0,0.0,19
0.04,0,0.0,0.0,0.0,0.0,19
0.06,0,0.0,0.0,0.0,0.0,19
0.08,0,0.0,0.0,0.0,0.0,19
0.1,0,0.0,0.0,0.0,0.0,19
0.12000000000000001,0,0.0,0.0,0.0,0.0,19
0.14,0,0.0,0.0,0.0,0.0,19
0.16,0,0.0,0.0,0.0,0.0,19
0.18,0,0.0,0.0,0.0,0.0,19
0.19999999999999998,0,0.0,0.0,0.0,0.0,19
0.21999999999999997,0,0.0,0.0,0.0,0.0,19
0.23999999999999996,0,0.0,0.0,0.0,0.0,19
0.25999999999999995,0,0.0,0.0,0.0,0.0,19
0.27999999999999997,0,0.0,0.0,0.0,0.0,19
0.3,0,0.0,0.0,0.0,0.0,19
0.32,0,0.0,0.0,0.0,0.0,19
0.34,0,0.0,0.0,0.0,0.0,19
0.36000000000000004,0,0.0,0.0,0.0,0.0,19
0.38000000000000006,0,0.0,0.0,0.0,0.0,19
0.4000000000000001,0,0.0,0.0,0.0,0.0,19
0.4200000000000001,0,0.0,0.0,0.0,0.0,19
0.4400000000000001,0,0.0,0.0,0.0,0.0,19
0.46000000000000013,0,0.0,0.0,0.0,0.0,19
0.48000000000000015,0,0.0,0.0,0.0,0.0,19
0.5000000000000001,0,0.0,0.0,0.0,0.0,19
0.5200000000000001,0,0.0,0.0,0.0,0.0,19
0.5400000000000001,0,0.0,0.0,0.0,0.0,19
0.5600000000000002,0,0.0,0.0,0.0,0.0,19
0.5800000000000002,0,0.0,0.0,0.0,0.0,19
0.6000000000000002,0,0.0,0.0,0.0,0.0,19
0.6200000000000002,0,0.0,0.0,0.0,0.0,19
0.6400000000000002,0,0.0,0.0,0.0,0.0,19
0.6600000000000003,0,0.0,0.0,0.0,0.0,19
0.6800000000000003,0,0.0,0.0,0.0,0.0,19
0.7000000000000003,253,0.061767578125,0.25249500998003993,0.25249500998003993,1.0,19
0.7200000000000003,1000,0.244140625,0.998003992015968,0.998003992015968,1.0,19
0.7400000000000003,1002,0.24462890625,1.0,1.0,1.0,19
0.7600000000000003,1002,0.24462890625,1.0,1.0,1.0,19
0.7800000000000004,1002,0.24462890625,1.0,1.0,1.0,19
0.8000000000000004,1002,0.24462890625,1.0,1.0,1.0,19
0.8200000000000004,1002,0.24462890625,1.0,1.0,1.0,19
0.8400000000000004,1002,0.24462890625,1.0,1.0,1.0,19
0.8600000000000004,1002,0.24462890625,1.0,1.0,1.0,19
0.8800000000000004,1002,0.24462890625,1.0,1.0,1.0,19
0.9000000000000005,1002,0.24462890625,1.0,1.0,1.0,19
0.9200000000000005,1002,0.24462890625,1.0,1.0,1.0,19
0.9400000000000005,1002,0.24462890625,1.0,1.0,1.0,19
0.9600000000000005,1002,0.24462890625,1.0,1.0,1.0,19
0.9800000000000005,1002,0.24462890625,1.0,1.0,1.0,19
1.0000000000000004,1002,0.24462890625,1.0,1.0,1.0,19
